restaurant_name,email,website,source
GW Fins,go@gwfins.com,http://gwfins.com/,original
Ruby Slipper,adacompliance@slippercafe.com,https://www.rubybrunch.com/?olonwp=JjBtp_vMLk25gkYh_bnoiQ,original
Cochon Restaurant,hellocochon@linkrestaurantgroup.com,http://www.cochonrestaurant.com/,original
Fogo de Chão Brazilian Steakhouse,rshiplett@fogodechao.com,https://fogodechao.com/location/new-orleans/,original
Commander's Palace,info@commanderspalace.com,http://www.commanderspalace.com/,original
Pêche Seafood Grill,lizbodet@gmail.com,https://www.pecherestaurant.com/,original
Muriel's Jackson Square,info@muriels.com,http://www.muriels.com/,original
Katie's,dine@katiesinmidcity.com,http://www.katiesinmidcity.com/,original
Willie Mae's Scotch House,info@williemaesnola.com,http://www.williemaesnola.com/,original
Superior Seafood & Oyster Bar,info@superiorseafoodnola.com,http://www.superiorseafoodnola.com/,original
Daisy Dukes French Quarter,jade@daisydukesrestaurant.com,http://www.daisydukesrestaurant.com/,original
Brennan's,simone@simonesez.com,https://www.brennansneworleans.com/,original
Acme Oyster House,jakep@acmeoyster.com,http://acmeoyster.com/,original
Port of Call,soniat@portofcallnola.com,http://portofcallnola.com/,original
Luke,mjoyce@brg-hospitality.com,http://www.lukeneworleans.com/,original
Mambo’s,info@mambosnola.com,https://www.mambosnola.com/,original
Oceana Grill,ramsey@oceanagrill.com,http://www.oceanagrill.com/,original
Gumbo Shop,restaurant@gumboshop.com,http://gumboshop.com/,original
Deanie's Seafood Restaurant in the French Quarter,customerservice@deanies.com,https://deanies.com/metairie-deanie-s-seafood-restaurant-and-seafood-market-bucktown-main-location-downtown,original
"Cafe Beignet, Bourbon Street",specialorders@cafebeignet.com,https://www.cafebeignet.com/?y_source=1_MTAwNDcwOTkzMS03MTUtbG9jYXRpb24ud2Vic2l0ZQ%3D%3D,original
Olde Nola Cookery,contact@nolacookery.com,https://www.nolacookery.com/,original
Café Fleur De Lis - French Quarter,manager@cafefleurdelis.com,http://cafefleurdelis.com/,original
Neyow's Creole Café,office@neyows.com,http://www.neyows.com/,original
The Court of Two Sisters,court2si@courtoftwosisters.com,http://www.courtoftwosisters.com/,original
Felix's Restaurant & Oyster Bar,nadinehoover@felixs.com,https://felixs.com/,original
Coop's Place,charles@coopsplace.net,http://www.coopsplace.net/,original
Bourbon House,sparksc@bourbonhouse.com,http://bourbonhouse.com/,original
"Mr. Ed's Oyster Bar & Fish House, French Quarter (Bienville)",mredsgroup@gmail.com,http://mredsrestaurants.com/oyster-bar,original
Dat Dog,bill@datdog.com,https://www.datdog.com/,original
Palace Café by Dickie Brennan & Co.,bsmith@palacecafe.com,http://www.palacecafe.com/,original
Creole House Restaurant & Oyster Bar,camille.collins@creolecuisine.com,https://creolehouserestaurant.com/,original
Royal House Oyster Bar,s.young@royalhouserestaurant.com,https://royalhouserestaurant.com/,original
Mother's Restaurant,mothersrestaurantno@gmail.com,https://mothersrestaurant.net/menus/,original
Willa Jean,info@willajean.com,https://willajean.com/,original
Steamboat NATCHEZ - Official Site,charters@neworleanssteamboat.com,https://www.steamboatnatchez.com/,original
Central Grocery and Deli,centralgrocery923@yahoo.com,https://centralgrocery.com/,original
Hard Rock Cafe,neworleanssales@hardrock.com,https://cafe.hardrock.com/new-orleans/#utm_source=Google&utm_medium=Yext&utm_campaign=Listings,original
Drago's Seafood Restaurant - Hilton New Orleans Riverside,michelle@dragosrestaurant.com,https://www.dragosrestaurant.com/,original
Melba's on Elysian Fields Ave,scott@melbas.com,https://www.melbas.com/,original
Mulate's | The Original Cajun Restaurant,chantelle@mulates.com,http://mulates.com/,original
Red Fish Grill,hrink@neworleans-food.com,https://www.redfishgrill.com/,original
French Market Restaurant and Bar - The Original,catrena@fmnola.com,https://www.fmnola.com/,original
Antoine's Restaurant,wchatelain@antoines.com,http://www.antoines.com/,original
Bacchanal Fine Wine & Spirits,catering@bacchanalwine.com,http://www.bacchanalwine.com/,original
DISTRICT Donuts Sliders Brew,stephen@turnchange.com,http://www.districtdonuts.com/,original
Mr. B's Bistro,dine@mrbsbistro.com,http://www.mrbsbistro.com/,original
St. Roch Market,will@strochmarket.com,https://www.strochmarket.com/,original
The Joint,jenny@alwayssmokin.com,http://alwayssmokin.com/,original
Walk-On's Sports Bistreaux - New Orleans,houma@walk-ons.com,https://locate.walk-ons.com/la/neworleans/restaurants-4.html,original
Landry's Seafood House,rblanchette@landrysseafood.com,https://www.landrysseafood.com/location/landrys-seafood-new-orleans-lake-pontchartrain/,original
Li'l Dizzy's Cafe,arkesha@lildizzyscafe.net,http://lildizzyscafe.net/,original
Blue Oak BBQ,info@blueoakbbq.com,http://www.blueoakbbq.com/,original
The Camellia Grill,camellia1grill@yahoo.com,http://www.camelliagrillnola.com/,original
Mandina's Restaurant,mandinas1932@yahoo.com,https://www.mandinasrestaurant.com/,original
New Orleans Creole Cookery,parties@neworleanscreolecookery.com,http://neworleanscreolecookery.com/,original
Nirvana Indian Cuisine,nirvana@mindspring.com,http://nirvananola.com/,original
Atchafalaya,fivearest@gmail.com,http://www.atchafalayarestaurant.com/,original
Jacques-Imo's,info@jacquesimos.com,http://jacques-imos.com/,original
Dave & Buster's New Orleans,colleen_prina@daveandbusters.com,https://www.daveandbusters.com/us/en/about/locations/new-orleans,original
zesty creole,zestycreole@gmail.com,http://zestycreole.com/,original
Market Cafe,brjenk998@gmail.com,http://www.marketcafenola.com/,original
Coterie Restaurant & Oyster Bar,coterie@coterienola.com,http://www.coterienola.com/,original
Turkey and the Wolf,merch@turkeyandthewolf.com,http://www.turkeyandthewolf.com/,original
Bourbon Street Drinkery,buvant.balcony@drinkery.com,http://www.drinkery.com/,original
Ruth's Chris Steak House,gmdestin211@ruthschris.com,https://www.ruthschris.com/locations/la/new-orleans/new-orleans/7344?cmpid=br:rc_ag:ie_ch:loc_ca:RCGMB_sn:gmb_gt:new-orleans-la-7344_pl:locurl_rd:1047,original
Gallier's Seafood & Oyster Bar,info@galliernola.com,https://galliernola.com/,original
Joey K's Restaurant & Bar,joeyksrestaurant@gmail.com,https://joeyksrestaurant.com/,original
Dooky Chase Restaurant,info@dookychaserestaurants.com,https://www.dookychaserestaurants.com/,original
Elizabeth's,nrainwater.elizabeths@gmail.com,https://elizabethsrestaurantnola.com/,original
Monty's on the Square,info@montysonthesquare.com,http://montysonthesquare.com/,original
Jimmy J's Cafe,jimmy@jimmyjscafe.com,http://jimmyjscafe.com/,original
Surrey's Café & Juice Bar,surreyscafe@gmail.com,http://www.surreysnola.com/,original
Monday | Restaurant + Bar,info@mondaynola.com,http://mondaynola.com/,original
Morrow's,morrowsnola@gmail.com,http://morrowsnola.com/,original
Stanley of New Orleans,stanley@chefscottboswell.com,http://stanleyrestaurant.com/,original
The Blue Crab Restaurant and Oyster Bar,info@thebluecrabnola.com,http://www.thebluecrabnola.com/,original
Voodoo Chicken & Daiquiris,accounting@voodoochickenanddaiquiris.com,http://voodoochickenanddaiquirisnola.com/,original
Domenica,press@domenicarestaurant..com,http://www.domenicarestaurant.com/,original
Boil Seafood House,hd@boilseafoodhouse.com,https://www.boilseafoodhouse.com/,original
Lucy's Retired Surfers Bar & Restaurant,shop@lucyssurf.com,https://www.lucyssurf.com/,original
Felipe's Mexican Taqueria,operations@felipestaqueria.com,https://www.felipestaqueria.com/locations/louisiana/french-quarter-new-orleans/,original
BEARCAT CAFE UPTOWN,info@bearcatcafe.com,http://www.bearcatcafe.com/,original
Shaya,info@shayarestaurant.com,http://www.shayarestaurant.com/,original
Emeril's,sandy.odom@emerillagasse.com,http://emerilsrestaurant.com/,original
Another Broken Egg Cafe,m.dunn@anotherbrokenegg.com,https://www.anotherbrokenegg.com/locations/new-orleans-la-harrison-avenue/,original
Tableau by Dickie Brennan & Co.,vogtk@tableaufrenchquarter.com,http://www.tableaufrenchquarter.com/,original
Pizza Delicious,catering@pizzadelicious.com,http://www.pizzadelicious.com/,original
Killer PoBoys,killerpoboys@gmail.com,http://www.killerpoboys.com/,original
Lux Cafe | Best Southern Cuisine,luxcafe935@gmail.com,https://www.luxcafenola.co/,original
Houston's,guestservices@hillstone.com,https://www.houstons.com/locations/neworleans/#,original
BEARCAT CBD,info@bearcat845.com,https://bearcat845.com/,original
Snapper's Seafood & Cajun Restaurant,info@snappernola.com,https://snappernola.com/,original
Cooter Brown's Tavern,partyinfo@cooterbrowns.com,http://www.cooterbrowns.com/,original
Juan's Flying Burrito - CBD,juan@juansflyingburrito.com,http://juansflyingburrito.com/,original
Meril,trey.pierce@emerilsrestaurants.com,http://emerilsrestaurants.com/meril,original
Irene's,irenescuisine@gmail.com,https://irenesnola.com/,original
IHOP,ahowart@restaurants.ihop.com,https://restaurants.ihop.com/en-us/la/new-orleans/breakfast-833-canal-st-3257?utm_source=google&utm_medium=organic&utm_campaign=google_my_business&utm_term=3257&utm_content=website,original
Galatoire's,lanzalone@galatoires.com,http://www.galatoires.com/,original
Central City BBQ,catering@centralcitybbq.com,http://www.centralcitybbq.com/,original
Tacos del Cartel New Orleans,events_sm@tacosdelcartel.com,https://tacosdelcartel.com/,original
Sweet Soulfood,info@sweetsoulfood.net,http://www.sweetvegansoulfood.com/,original
Sun Chong,info@morrowhospitality.com,http://sunchongnola.com/,original
Chophouse New Orleans,jlewis@chophousenola.rest,http://www.chophousenola.com/,original
Blue Bayou Restaurant & Oyster Bar,lennykm@gmail.com,http://bluebayourestaurantnola.com/,original
The Country Club,heather@tccno.com,http://www.thecountryclubneworleans.com/,original
Maïs Arepas,mas-arepas@gmail.com,https://mais-arepas.shop/,original
Trenasse,cirene@trenasse.com,https://trenasse.com/,original
The Velvet Cactus,aimees@thevelvetcactus.com,http://www.thevelvetcactus.com/,original
Two Chicks Cafe,info@twochickscafe.com,http://www.twochickscafe.com/,original
Gus’s World Famous Fried Chicken,communications@gusfriedchicken.com,http://gusfriedchicken.com/nola-new-orleans-louisiana-location/,original
Toast,toastneworleans@gmail.com,https://www.toastneworleans.com/,original
Russell's Marina Grill,info@russellsmarinagrill.net,https://russellsmarinagrill.net/,original
Louisiana Pizza Kitchen,lpkfrenchquarter@gmail.com,http://lapizzakitchenfq.com/,original
Streetcar Cafe,info@streetcarcafe.com,http://streetcarcafe.com/,original
Paladar 511,paladar511@gmail.com,http://www.paladar511.com/,original
Lebanon's Cafe,lebanons_cafe@yahoo.com,https://www.lebanonscafe.com/,original
Restaurant R'evolution,royalsonestanola@welovebreadandbutter.com,https://revolutionnola.com/,original
Herbsaint,link@herbsaint.com,http://herbsaint.com/,original
Carmo,info@cafecarmo.com,http://cafecarmo.com/?y_source=1_NTIxOTQ0NDgtNzE1LWxvY2F0aW9uLndlYnNpdGU%3D,original
Liuzza's by the Track,liuzzasbythetrack@gmail.com,http://liuzzasbtt.com/,original
Domilise's Po-Boy & Bar,domilisespoboys@gmail.com,http://www.domilisespoboys.com/,original
Toups Meatery,amanda@toupsmeatery.com,http://toupsmeatery.com/,original
Sylvain,media@leblancandsmith.com,https://www.sylvainnola.com/,original
Namaste nola,info@namastenola439.com,http://namastenola439.com/,original
August,info@restaurantaugust.com,http://www.restaurantaugust.com/,original
Johnny Sánchez,info@johnnysancheznola.com,http://www.johnnysancheznola.com/,original
New Orleans Hamburger & Seafood Co,info@nohsc.com,http://www.nohsc.com/,original
The High Hat Cafe,highhatcafe@gmail.com,http://highhatcafe.com/,original
Compère Lapin,lyndie.penland@comperelapin.com,http://comperelapin.com/,original
Copper Vine Restaurant,info@coppervinewine.com,https://www.coppervine.com/,original
Mahony's Po-boys,catering@mahonyspoboys.com,http://www.mahonyspoboys.com/,original
New Orleans Vampire Cafe,nolavampirecafe@gmail.com,https://nolavampirecafe.com/,original
Buffa's Bar & Restaurant,music@buffasbar.com,https://www.buffasbar.com/,original
Tito's Ceviche & Pisco,info@titoscevichepisco.com,https://titoscevichepisco.com/,original
Desire Oyster Bar,jazzplayhouse@sonesta.com,http://www.sonesta.com/DesireOysterBar,original
Majoria's Commerce Restaurant,majoriascommercerestaurant@gmail.com,http://commercerest.com/,original
Blazin' Hot Chicken - Fast Food Restaurant,eatbhcnow@gmail.com,https://blazinhotchicken.com/,original
Gris-Gris,events@grisgrisnola.com,http://grisgrisnola.com/,original
Tujague's,info@tujagues.com,http://www.tujaguesrestaurant.com/,original
Sneaky Pickle & Bar Brine,info@yousneakypickle.com,http://yousneakypickle.com/,original
The Daily Beet,info@thedailybeetnola.com,http://www.thedailybeetnola.com/,original
The Company Burger,info@thecompanyburger.com,http://www.thecompanyburger.com/,original
Cajun Seafood,downtown@cajunseafoodnola.com,http://cajunseafoodnola.com/main/inside.php?page=locations,original
Lula Restaurant Distillery,info@lulanola.com,https://www.lulanola.com/,original
Cafe Amelie,info@cafeamelie.com,http://www.cafeamelie.com/,original
Beachbum Berry's Latitude 29,info@latitude29nola.com,http://latitude29nola.com/,original
Frankie & Johnny's,info@frankieandjohnnys.net,https://www.frankieandjohnnys.com/,original
Vincent's Italian Cuisine,vcatal1@gmail.com,http://www.vincentsitaliancuisine.com/,original
Maypop,info@maypopnola.com,http://maypopnola.com/,original
Heard Dat Kitchen,hdatkitchen@gmail.com,http://www.hearddatkitchen.com/,original
B Sweet Bistro & Bakery,info@bsweetorelse.com,https://www.bsweetorelse.com/,original
Barracuda Taco Stand,bsl@eatbarracuda.com,https://www.eatbarracuda.com/?y_source=1_MTAwNDcxMjIyNy03MTUtbG9jYXRpb24ud2Vic2l0ZQ%3D%3D,original
Fiery Crab Seafood Restaurant And Bar,management@fierycrab.com,http://www.fierycrab.com/,original
1000 Figs,hello@1000figs.com,http://www.1000figs.com/,original
K-Paul's Louisiana Kitchen,dsartor@kpauls.com,http://www.kpauls.com/,original
Broussard's Restaurant & Courtyard,smudawa@broussards.com,https://broussards.com/,original
Brigtsen's Restaurant,marko.starman@brigtsens.com,http://www.brigtsens.com/,original
G's Pizza,gspizzanola@gmail.com,http://gspizzanola.com/,original
Blaze Pizza,info@blazepizza.com,https://locations.blazepizza.com/la/new-orleans/5001-freret-st?utm_source=gmb&utm_medium=yext,original
Arnaud's New Orleans,cpavlick@deveney.com,http://www.arnaudsrestaurant.com/,original
Addis Nola,addisnola@gmail.com,https://www.addisnola.com/,original
Breads On Oak,info@breadsonoak.com,http://www.breadsonoak.com/,original
Sofia,sofiaserves@sofianola.com,https://www.sofianola.com/,original
Galliano Restaurant,gallrest@gmail.com,http://www.gallianorestaurant.com/,original
Magazine Pizza,eat@magazinepizza.com,http://magazinepizzanola.com/,original
Meals From the Heart Cafe,jayd@mealsfromtheheartcafe.com,https://mealsfromtheheartcafe.com/,original
Pascal's Manale by Dickie Brennan & Co.,carmenpro23@gmail.com,https://www.pascalsmanalerestaurant.com/,original
SukhoThai,john@bluelightmarketingroup.com,http://www.sukhothai-nola.com/,original
Dian Xin,bamboohouse620@gmail.com,http://www.dianxinnola.com/,original
Krystal,shavenmfsf02@gmail.com,https://locations.krystal.com/la/new-orleans/116-bourbon-street,original
B Spot,info@bspotnola.com,http://bspotnola.com/,original
Bratz Y'all! Bistro • Bakery • Biergarten,bratzyall@gmail.com,http://www.bratzyall.com/,original
Cane and Table,fredo@curenola.com,http://www.caneandtablenola.com/,original
LUFU NOLA,lufu.nola@yahoo.com,https://lufunola.com/,original
Drip Affogato Bar NOLA,you@gmail.com,http://www.dripaffogato.com/,original
Evangeline,evangeline@evangelineneworleans.com,http://evangelineneworleans.com/,original
Vieux Carre Pizza,ash@vieuxcarrepizza.com,http://www.vieuxcarrepizza.com/,original
Molly's Rise and Shine,kate@turkeyandthewolf.com,https://mollysriseandshine.com/,original
Desi Vega's Steakhouse,dvs@desivegasteaks.com,http://www.desivegasteaks.com/,original
Fatma's Cozy Corner,aydfatma@gmail.com,https://www.fatmascozycornernola.com/,original
Pomelo | Thai Boutique Restaurant,aom@pomelonola.com,https://pomelonola.com/,original
Marigny Brasserie,info@marignybrasserie.com,http://marignybrasserie.com/,original
Horn's Eatery,info@hornsnola.com,http://hornsnola.com/,original
The Original Fiorellas' Cafe,fiorellascafe5325@gmail.com,http://originalfiorellas.com/,original
Coquette,info@coquettenola.com,http://www.coquettenola.com/,original
Royal Sushi & Bar,royalsushinola@gmail.com,http://www.royalsushinola.com/,original
Seaworthy,info@seaworthynola.com,http://seaworthynola.com/,original
Cafe Degas,lhella@cafedegas.com,http://www.cafedegas.com/,original
Zee's Pizzeria,zeespizzeria@gmail.com,http://zeespizzeria.com/,original
Clancy's Restaurant,info@clancysneworleans.com,https://www.clancysneworleans.com/,original
Riccobono's Panola Street Cafe,panolastreetcafe@gmail.com,http://panolastreetcafe.com/,original
MOPHO,mcardwell@mophonola.com,http://www.mophonola.com/,original
Hooks Seafood & Poboys (South Claiborne),order@pizzaloko.com,https://order.toasttab.com/online/hooks-seafood-poboys-claiborne-2000-s-claiborne-ave,original
Pizza Luna,thepizzaluna@gmail.com,https://thepizzaluna.com/,original
Bayona,krosinski@bayona.com,http://www.bayona.com/,original
Thaihey NOLA,thaihey.thaifood@gmail.com,http://www.thaiheynola.com/,original
Grand Isle Restaurant,info@grandislerestaurant.com,http://grandislerestaurant.com/,original
I-tal Garden,italgardennola@gmail.com,https://www.italgardennola.com/,original
Saba,hello@eatwithsaba.com,https://eatwithsaba.com/?utm_source=google_business_profile&utm_medium=gbp_view_website&utm_campaign=google_business_profile,original
Bar Pomona,info@barpomona.com,https://barpomona.com/,original
Orleans Grapevine Wine Bar and Bistro,cgiselle@orleansgrapevine.com,http://www.orleansgrapevine.com/,original
Bésame,besame.nola@gmail.com,http://www.besame-nola.com/,original
Jack Rose,jackrose@qedhg.com,https://www.jackroserestaurant.com/,original
Rosedale Restaurant,rosedale801@gmail.com,https://rosedalerestaurant.com/,original
Gospel Coffee and Boozy Treats,info@gospelcoffeenola.com,https://gospelcoffeenola.com/,original
Jack Dempsey's Restaurant,jackdempseysrestaurant@gmail.com,http://jackdempseys.net/,original
Bodega New Orleans,info@bodega-nola.com,https://www.bodega-nola.com/,original
Pat O'Brien's Courtyard Restaurant,shelly@patobriens.com,http://patobriens.com/,original
Flour Moon Bagels,breanne@flourmoonbagels.com,http://www.flourmoonbagels.com/,original
Pulcinella!,info@dirtydimeproductions.com,http://mypulcinella.com/,original
The Pelican Club,rhughes@pelicanclub.com,http://www.pelicanclub.com/,original
Urban Smash,hi@mystore.com,https://urbansmash.co/,original
Shake Shack Canal Place,quandadublin@shakeshack.com,https://www.shakeshack.com/location/canal-place-la?utm_source=google&utm_medium=listing,original
The Well Café at Spyre Center,casey@toasttab.com,https://www.toasttab.com/wellcafeatspyre/v3/?mode=fulfillment,original
Tsunami Sushi New Orleans,tsunaminola@gmail.com,https://neworleans.servingsushi.com/,original
Cornet,sharon@bourbonstreetbalconyrentals.com,https://cornetnola.co/,original
N7,contact@n7nola.com,http://www.n7nola.com/,original
Arabella Casa Di Pasta,arabellacasadipasta@gmail.com,http://www.arabellanola.com/,original
Taqueria Mi Frida,support@themenustar8.com,http://ordertaqueriamifrida.mobile-webview8.com/,original
Bub's NOLA,bubsburgs@gmail.com,https://www.bubsnola.com/,original
Good Yolk,hello@camoeats.com,https://camoeats.com/brands/good-yolk,original
Vintage Garden Kitchen,nchefleo@vgknola.com,http://www.vgknola.com/,original
PizzaForno,support@pizzaforno.com,https://pizzaforno.com/locations/pizzaforno-new-orleans-la-lsu-med,original
Taste & See Restaurant,tastenc@me.com,http://www.tasteandseepcs.com/,original
Manolito,info@manolitonola.com,http://www.manolitonola.com/,original
Restaurant Rebirth,rebirthno@gmail.com,https://www.restaurantrebirth.com/,original
Bistro Daisy,info@bistrodaisy.com,http://www.bistrodaisy.com/,original
Moshiko™ | Falafel & Shawarma,contact@mymenuweb.com,https://mymenuweb.com/us/restaurants/1370451/?utm_source=google_profile&utm_medium=google_profile&utm_campaign=admin,original
St James Cheese Company,info@stjamescheese.com,http://www.stjamescheese.com/,original
HONEY'S,honeysneworleans@gmail.com,https://honeysneworleans.com/,original
Cochon King BBQ,agustinamingote@gmail.com,http://www.cochonking.com/,original
"Theo's Neighborhood Pizza, Mid-City",gdietz@theospizza.com,http://www.theospizza.com/,original
East Harbor,joybowlwestspringfield@gmail.com,https://order.mealkeyway.com/customer/release/index?mid=7134337335794f754443696f633150304466524949673d3d#/main,original
Raising Cane's Chicken Fingers,aelliott@raisingcanes.com,https://www.raisingcanes.com/locations,original
PIZZA domenica,press@pizzadomenica.com,http://www.pizzadomenica.com/,original
Olive Branch Cafe,rusty@olivebranchcafe.com,http://www.olivebranchcafe.com/,original
Slim Goodies Diner,slimgoodiesdiner@gmail.com,https://slimgoodiesdiner.com/?utm_source=google,original
True Food Kitchen,amy@truefoodkitchen.com,https://www.truefoodkitchen.com/locations/neworleans/,original
Plates Restaurant & Bar,info@platesnola.com,https://www.platesnola.com/,original
Shawarma On The Go,shawarmaonthego@gmail.com,http://shawarmaonthego.com/,original
Gyu-Kaku Japanese BBQ,karsten@gyu-kaku.com,http://gyu-kaku.com/new-orleans,original
COCO KOREA BBQ,tikitopscoffee@gmail.com,https://order.tbdine.com/pickup/54769,original
Fives,hello@fives.bar,http://fives.bar/,original
Briquette,anna@crazylobster.nocoxmail.com,http://www.briquette-nola.com/,original
Adolfo's Restaurant,kim@aperezcompany.com,https://www.adolfosneworleans.com/,original
Yinzer’s Amazing Cheesesteaks,yinzercheesesteakpopup@gmail.com,http://www.yinzersamazingcheesesteaks.com/,original
avenue cafe,hello@avenuecafenola.com,https://www.avenuecafenola.com/,original
Café Reconcile,klitchfield@cafereconcile.org,http://www.cafereconcile.org/,original
Up&Adam Eatz,christopher@getupandadam.com,http://www.getupandadam.com/,original
Cherry Coffee Roasters,info@cherrycoffeeroasters.com,http://www.cherrycoffeeroasters.com/,original
Miss Shirley's,missshirleysonmag@gmail.com,http://www.missshirleyschineserestaurant.com/,original
E'Co Vegan Cuisine (Online Ordering Online),ecovegan19@gmail.com,http://www.ecovegan19.com/,original
Plume Algiers,mc@plumealgiers.com,http://www.plumealgiers.com/,original
Good Catch | Thai Urban Bistro,frankie@pomelonola.com,http://goodcatchnola.com/,original
Queen Trini Lisa,queentrinilisa@gmail.com,https://queentrinilisa.com/,original
Pluck Wine Bar & Restaurant,info@pluckwines.com,http://pluckwines.com/,original
Espíritu,espiritunola@gmail.com,http://espiritunola.com/,original
Lost Coyote Restaurant,info@lostcoyotenola.com,http://www.lostcoyotenola.com/,original
Nomiya,info@nomiyaramen.com,https://www.nomiyaramen.com/,original
El Gato Negro - Lakeview,jcontreras@elgatonegronola.com,http://elgatonegronola.com/,original
Kelly's NOLA,hello@eatkellys.com,https://www.eatkellys.com/,original
Ted's Frostop Diner,info@tedsfrostop.com,https://www.tedsfrostop.com/,original
Louisiana Pizza Kitchen,lpkuptown@att.net,http://www.louisianapizzakitchenuptown.com/,original
Gabrielle Restaurant,uptowner88@aol.com,http://www.gabriellerestaurant.com/,original
Capulet,info@capuletbywater.com,http://capuletbywater.com/,original
Crack'D Brunch,uptown@crackdbrunch.com,http://crackdbrunch.com/,original
Dakar NOLA,hello@dakarnola.com,https://www.dakarnola.com/,original
Baker Maid Products Inc,info@bakermaid.com,http://www.bakermaid.com/,original
Original Wings & Things,info@originalwingsnthings.com,http://originalwingsnthings.com/,original
Thai'd Up NOLA,anapbm@gmail.com,http://thaidup.co/,original
Oasis Food Hall,lareception@adr.org,http://oasisnola.camoeats.com/,original
Afrodisiac Nola,afrodisiacnola@gmail.com,https://www.afrodisiacnola.com/,original
Main Squeeze Juice Co.,jessie@mainsqueezejuiceco.com,https://www.mainsqueezejuiceco.com/,original
Anita's Grill,hi@typemade.mx,http://anitasgrillnola.com/,original
Chartres House,digital@creolecuisine.com,https://chartreshouse.com/,original
Saj,sajnola@gmail.com,http://www.sajnola.com/,original
Zhang Bistro,zhangbistro@gmail.com,http://zhangbistronola.com/,original
Ugly Dog Saloon & BBQ,ugly@theuglydogsaloon.com,https://theuglydogsaloon.com/,original
Pere Antoine Restaurant,proteam@mopro.com,http://www.pereantoinefrenchquarter.com/,original
Mister Mao,hello@mistermao.com,http://mistermaonola.com/,original
Wakin' Bakin',info@wakinbakin.com,http://www.wakinbakin.com/,original
Cafe Sbisa,admin@cafesbisanola.com,http://www.cafesbisanola.com/,original
Chapter IV,edgarchaseiv@yahoo.com,https://www.chapterivnola.com/,original
BABs,info@babs-nola.com,https://www.babs-nola.com/,original
BOTANICALS NOLA,info@botanicals102.com,http://www.botanicalsnola.com/,original
Hot N Cajun Boil House,management@hotncajun.com,https://www.hotncajunboilhouse.com/,original
Basin Seafood and Spirits,teakgroupllc@gmail.com,http://basinseafood.com/,original
Geisha Sushi Bistro,haikunolallc@gmail.com,http://geishaneworleans.com/,original
Maria's Oyster Bar,contact@mariasoysterbar.com,https://mariasoysterbar.com/,original
Mid City Pizza,midcitypizza@gmail.com,http://www.midcitypizza.com/,original
Lilette,info@liletterestaurant.com,http://www.liletterestaurant.com/,original
AGUASANTA,aguasantanola@gmail.com,http://aguasantanola.com/,original
Taquerias Carnalito,pr@carnalito.com,https://www.taqueriascarnalito.com/,original
Liuzza's Restaurant & Bar,staff@liuzzas.com,http://liuzzas.com/,original
Original Thought NOLA,yats.centralohio@gmail.com,https://order.online/business/original-thought-food-truck-447233,original
Empanola,jimena@empanolaempanadas.com,https://www.empanolaempanadas.com/contact-us?fbclid=IwAR1r1RCdJpC3_ACvJVzD-_knj7Oxdnl-reYSP_AEkA0fEas88iXETiK3Ho4,original
Tatlo,contact@tatlo.co,http://tatlo.co/,original
Opelousas Chicken & Seafood,opelousaschicken@gmail.com,https://www.opelousaschicken.com/,original
Five Happiness Chinese Restaurant,yao920916@gmail.com,http://www.fivehappinessnola.com/,original
The American Sector Restaurant & Bar,info@nationalww2museum.org,https://ww2eats.com/,original
Habana Outpost,info@habanaoutpost.com,http://habanaoutpost.com/,original
Trilly Cheesesteaks,trillycheesesteaks@gmail.com,https://trillycheesesteaks.com/,original
Carrollton Station,booking@carrolltonstationnola.com,http://carrolltonstationnola.com/,original
Marjie's Grill,letsparty@broadstreetballers.com,http://marjiesgrill.com/,original
Costera,info@costerarestaurant.com,http://www.costerarestaurant.com/,original
T-Swirl Crepe,tswirlcrepe@gmail.com,http://t-swirlcrepe.com/,original
Patois,info@patoisnola.com,https://patoisnola.com/,original
Thai Nola,info@thainolarestaurant.com,http://www.thainolarestaurant.com/,original
CupCake Fairies,order@cupcakefairies.com,http://cupcakefairies.com/,original
Food Truck | Taquería Liliana,support@themenustar.com,http://orderfoodtrucktaquerialiliana.mobile-webview2.com/,original
DiMartino's Famous New Orleans Muffulettas,g.seymour@dimartinos.com,http://www.dimartinos.com/,original
Étoile,etoileorleans@gmail.com,https://www.etoileorleans.com/,original
Dong Phuong Restaurant,black9@qq.com,https://dongphuong.top/,original
Francolini's,info@francolinis.com,https://www.francolinis.com/,original
Vessel NOLA,info@vesselnola.com,http://vesselnola.com/,original
The Kingsway,info@kingswaynola.com,https://www.kingswaynola.com/,original
La Carreta,jbretschger@carretarestaurant.com,http://carretarestaurant.com/magazine,original
Today's Cajun Seafood,todayscajun1700@gmail.com,https://food.orders.co/12c6l1ap,original
SAFFRON NOLA,info@saffronnola.com,https://www.saffronnola.com/,original
Mosquito Supper Club,reservations@mosquitosupperclub.com,http://www.mosquitosupperclub.com/,original
Le Moyne Bistro,brian@lemoynebistro.com,https://lemoynebistro.com/,original
Apolline,jenny@apollinerestaurant.com,http://www.apollinerestaurant.com/,original
The Elysian Bar,info@ashnyc.com,https://ash.world/dining/the-elysian-bar/,original
Fat Boy's Pizza,brad@eatfatboyspizza.com,https://www.eatfatboyspizza.com/,original
Ye Olde College Inn,events@rocknbowl.com,http://www.yeoldecollegeinn.com/,original
Pigeon and Whale,johnm.gcsnola@gmail.com,https://www.pigeonandwhalenola.com/,original
Margot’s,margotsnola@gmail.com,https://www.margotsnola.com/,original
Zasu,wade@zasunola.com,https://zasunola.com/,original
Five Guys,marketing@fiveguys.com,https://restaurants.fiveguys.com/401-n-carrollton-ave,original
MaMou,reservations@mamounola.com,https://www.mamounola.com/,original
Santos Bar,santosbarnola@gmail.com,https://www.santosbar.com/,original
Chubbie's Fried Chicken,chubbiesfriedchicken@gmail.com,http://chubbiesfamousfriedchicken.com/,original
Legacy Kitchen Craft Tavern,info@onepackhg.com,https://legacykitchen.com/,original
Alma Cafe,araujo@eatalmanola.com,http://www.eatalmanola.com/,original
Ajun Cajun,ajuncajunnola@gmail.com,http://www.ajuncajun.com/,original
Eat New Orleans,natalie.jayroe@eatnola.com,https://eatnola.com/,original
LUVI Restaurant,info@luvirestaurant.com,http://www.luvirestaurant.com/,original
Wonderland + Sea,joel@eatatwonderland.com,http://www.eatatwonderland.com/,original
Rizzuto's Ristorante & Chop House,imcnulty@theadvocate.com,http://www.rizzutosristorante.com/,original
GAIA Seafood & Steakhouse,reservations@gaiasteakhouse.com,http://www.gaiasteakhouse.com/,original
Salad Station,franchising@thesaladstations.com,http://thesaladstation.com/,original
Red Rooster NOLA,info@redroosternola.com,http://www.redroosternola.com/,original
The Italian Barrel French Quarter,info@italianbarrelfq.com,http://www.italianbarrelfq.com/,original
The Polo Club,info@thewindsorcourt.com,https://thewindsorcourt.com/dining/polo-club/,original
Vacherie,vacherie.nola@gmail.com,https://vacherierestaurant.com/,original
PEEWEE'S CRABCAKES,micah@micahrich.com,http://www.peeweescrabcakes.com/,original
Bennachin,info@bennachinrestaurant.com,http://www.bennachinrestaurant.com/,original
Gautreau's Restaurant,katie@gautreausneworleans.com,http://gautreausrestaurant.com/,original
Yumi Sushi & Hibachi,johnsmith@kwickpos.com,https://yumisushihibachila.kwickmenu.com/index.php,original
2 Phat Vegans,2phatvegans@gmail.com,http://www.2phatvegans.com/,original
Midway Pizza,pizzamidway@gmail.com,https://midwaypizzanola.com/,original
Rosella,rosellamidcity@gmail.com,http://www.rosellamidcity.com/,original
Two Tony's Restaurant,twotony714@gmail.com,http://www.two-tonys.com/,original
Barrilleaux's Restaurant and Wine Bar,sales@barrilleauxs.com,https://barrilleauxs.com/,original
La Cocinita Restaurant NOLA,info@lacocinita.com,https://www.lacocinita.com/uptown,original
Bon's New Orleans Street Food,info@bonsnola.com,https://www.bonsnola.com/,original
The Little Italian Barrel Paninoteca,infolittleitalianbarrel@gmail.com,http://thelittleitalianbarrel.com/,original
Cibo,contact@sansoxygen.com,https://www.cibonola.com/,original
Santa Fe,laleergun@mtmgroup.net,http://www.santafenola.com/,original
Saint John,events@saintjohnnola.com,https://saintjohnneworleans.com/,original
Clyde's Corner,info@clydescornerneworleans.com,http://clydescornerneworleans.com/,original
Taqueria Corona,harahan@taqueriacorona.com,http://www.taqueriacorona.com/,original
Lola's,lolasneworleans@gmail.com,http://www.lolasneworleans.com/,original
Saint Claire,hello@saintclaire.me,https://www.saintclaire.me/,original
Brosto Nola,brostonola@gmail.com,http://www.brostonola.com/,original
Beaucoup Eats,catering@beaucoupeats.com,https://www.beaucoupeats.com/,original
Tanjariné Kitchen (Catering & Food Truck-Hours Vary ) Brick & Mortar UNDER RENOVATION,info@tanjarinekitchen.com,https://www.tanjarines.com/,original
Sidecar Patio & Oyster Bar,partyinfo@therustynail.biz,http://sidecarnola.com/,original
Mayas,mayasrestaurantnola@gmail.com,http://mayasneworleans.com/,original
Chais Delachaise,josh@chaisdelachaise.com,http://chaisdelachaise.com/,original
Ancora Pizzeria,info@ancorapizza.com,http://www.ancorapizza.com/,original
Baroness on Baronne,baronessnola@gmail.com,https://www.baronessnola.com/,original
Suis Generis,adrienne@suisgeneris.com,http://suisgeneris.com/,original
Wild South,michael@coquettenola.com,https://www.wildsouthrestaurant.com/,original
Reginelli's Pizzeria,casey@reginellis.com,http://www.reginellis.com/,original
McHardy's Chicken & Fixin',mchardyschicken@gmail.com,http://mchardyschickennola.com/,original
Brasa South American Steakhouse,events@caromatagroup.com,https://www.brasasteak.com/,original
The Original Italian Pie,support@owner.com,https://downtown.italianpie.com/?utm_source=google,original
Rib Room,lee.mccullough@omnihotels.com,http://ribroomneworleans.com/?utm_source=gmblisting&utm_medium=organic,original
Reds Chinese,jacques@redschinese.com,https://www.redschinese.com/,original
Galaxie,office@galaxietacos.com,http://www.galaxietacos.com/,original
Dahla,contact@dahlarestaurant.com,http://www.dahlarestaurant.com/,original
Casamento's Restaurant,casamentosnola@gmail.com,https://www.casamentosrestaurant.com/,original
Trattoria Barnett,info@bruttoamericano.com,https://trattoriabarnett.com/,original
Kenji Omakase,contact@kenjinola.com,http://kenjinola.com/,original
The Franklin,davis@thefranklinnola.com,http://www.thefranklinnola.com/,original
The Bower,info@thebowernola.com,http://www.thebowernola.com/,original
Hunan Wok,help@mealkeyway.com,https://www.hunanwokla.com/,original
Sukeban,domo@barsukeban.com,http://barsukeban.com/,original
Down the Hatch,downthehatchnola@gmail.com,http://www.downthehatchnola.com/,original
Palm&Pine,info@palmandpinenola.com,http://www.palmandpinenola.com/,original
ANNUNCIATION Restaurant & Bar,reservations@annunciationrestaurant.com,http://annunciationrestaurant.com/,original
Osteria Lupo,info@osterialupo.com,http://www.osterialupo.com/,original
Sala Nola,info@salanola.com,https://www.salanola.com/,original
Stuph'D Beignets & Burgers,stuphd@yahoo.com,https://www.facebook.com/stuphd/,original
Hammered Harry´s,james@gobestbiz.com,https://hammeredharrys.com/locations/new-orleans-louisiana/,original
Avo,info@restaurantavo.com,http://restaurantavo.com/,original
The Commissary - Market + Kitchen by Dickie Brennan & Co.,commissarycontact@dbcno.com,http://www.thecommissarynola.com/,original
Panchita de Veracruz Mexican Restaurant,accessibility@fromtherestaurant.com,https://panchitadeveracruzcriollacuisinela.com/,original
Chi Chi’s,eatchichisnola@gmail.com,http://eatchichis.com/,original
The Green Fork,greenforkandstraw@gmail.com,http://greenforknola.com/,original
Rock-n-Saké Bar & Sushi,batonrouge@rocknsake.com,https://rocknsake.com/,original
Istanbul Cafe - Gyro & Wings,info@theroyalburrito.com,http://www.theroyalburrito.com/,original
Bayou Hot Wings,john@bayouhotwings.com,http://www.bayouhotwings.com/,original
St. Pizza,info@st.pizza,https://st.pizza/,original
Seawitch Restaurant & Oyster Bar,jih002@yahoo.com,http://seawitch-nola.com/,original
Vyoone’s,info@vyoone.com,http://www.vyoone.com/,original
Reginelli's Pizzeria,kathleen@reginellis.com,http://www.reginellis.com/,original
Justine,reservations@justinenola.com,http://www.justinenola.com/,original
The Verdict Lounge & Restaurant,theverdictnola@gmail.com,https://theverdictlounge.com/,original
Café Minh,minhcafe@me.com,http://www.cafeminh.com/,original
The Simple Greek,tsg53@thesimplegreek.com,https://restaurants.thesimplegreek.com/la/new-orleans/419-carondelet-st/?utm_source=google&utm_medium=organic&utm_campaign=gmb,original
Huey P's Pizzeria and Daiquiris - Tulane Ave/Mid-City,eat@hueyps.com,https://hueyps.com/,original
Burger Nerds,burgernerds504@gmail.com,https://www.burgernerds.com/,original
Lakeview Harbor,lakeviewharborinfo@gmail.com,http://lakeviewharbor.us/,original
Tal's Hummus,talsharon9@gmail.com,https://talshummus.com/,original
Dixie Chicken & Ribs,sanjeff@cox.net,https://www.dixiechickenandribs.com/menu,original
Cafe Negril,manager@cafenegrilnola.com,http://cafenegrilnola.com/,original
Ming's,mings70124@gmail.com,http://mingslakeview.com/,original
Frey Smoked Meat Co.,info@freysmokedmeat.com,https://www.freysmokedmeat.com/,original
John Gendusa Bakery Inc,contact@gendusabakery.com,http://www.gendusabakery.com/,original
Smoothie King,smoothieking831@comcast.net,https://locations.smoothieking.com/ll/us/la/new-orleans/3865-general-degaulle-dr-ste-b/?utm_source=google&utm_medium=organic&utm_content=SOCi,original
Pig Out Nola Barbecue,info@pigoutnolabbq.com,http://pigoutnolabbq.com/,original
Silk Road Restaurant & Wine Bar,sales@silkroadnola.com,https://www.silkroadnola.com/,original
Kindred,contact@kindrednola.com,http://www.kindrednola.com/,original
Elizabeth Street Cafe New Orleans,will@elizabethstreetcafe.com,https://elizabethstreetcafe.com/new-orleans/,original
The Grill Room at Windsor Court,info@windsorcourthotel.com,https://thewindsorcourt.com/dining/the-grill-room/,original
Remoulade,sales@arnauds.com,http://www.remoulade.com/,original
Picnic Provisions & Whiskey,tori@nolapicnic.com,https://nolapicnic.com/,original
Mr. Bubbles Cafe CANAL ST,mrbubblesnola@gmail.com,http://mrbubblescafe.square.site/,original
Chicken & Sides,john.chickennsides@gmail.com,https://chickennsides.com/,original
Brewery Saint X,inquiries@brewerysaintx.com,https://www.brewerysaintx.com/,original
Boulevard American Bistro,boulevard@boulevardbistro.com,https://boulevardbistro.com/,original
Misa - Mediterranean Kitchen,sonofabunburgerbar@gmail.com,https://www.misanola.com/,original
HIEUX Boil Seafood House,hieuxboilseafoodhouse2@gmail.com,https://hieux.com/,original
Mid-City Chicken and Po-Boy's,midcitychickenandpoboy@gmail.com,http://www.midcitychickenandpoboys.com/,original
Vals,vals@curenola.com,http://www.valsnola.com/,original
Peacock Room,info@peacockroomnola.com,https://peacockroomnola.com/,original
smoke & honey,smokesmokehoneyhoney@gmail.com,http://www.smokesmokehoneyhoney.com/,original
Couvant,hello@couvant.com,http://www.couvant.com/,original
Batture Bistro and Bar,info@one11hotel.com,https://www.one11hotel.com/batture/,original
Bao & Noodle,info@baoandnoodle.com,http://www.baoandnoodle.com/,original
Hot Stuff,mason@turkeyandthewolf.com,http://www.hotstuffneworleans.com/,original
Mr. Tequila Bar and Grill,brothers@mrtequila.net,http://mrtequilanola.com/,original
Banh Mi Boys,joshuagould@bmbsandwiches.com,https://banhmiboysuptown.com/,original
Capt. Sal's Seafood & Chicken,captsalseafoodandrestaurant@gmail.com,http://captsalseafoodchicken.com/,original
Nola Pizza Co.,info@nolabrewing.com,http://nolapizzaco.com/,original
Taqueria La Coyota,gorgegutierrez61@gmail.com,https://taquerialacoyota.com/,original
Patrick’s Bar Vin,patrick@patricksbarvin.com,https://patricksbarvin.com/,original
Louie’s Kitchen,info@louies.top,https://louies.top/,original
Hoshun,s.ho@hoshunrestaurant.com,http://www.hoshunrestaurant.com/,original
Haiku Sushi,info@haikunola.com,http://haikunola.com/,original
El Taco Loco,info@tacoloconola.com,https://www.eltacoloconola.com/,original
Lamara Coffee & Kitchen,eatwell@lamaracoffeeandkitchen.com,http://www.lamaracoffeeandkitchen.com/,original
Baronne Bistro,info@baronnebistro.com,http://www.baronnebistro.com/,original
Two Sistas 'N Da East,info@twosistas.top,https://twosistas.top/,original
Mister Oso New Orleans,events@misterosonola.com,https://www.misterosonola.com/,original
Jazmine Café,sebastian@aldusleaf.org,http://www.jazminecafe.com/,original
Silver Whistle Café,info@silverwhistlecafe.com,https://silverwhistlecafe.com/,original
San Lorenzo Restaurant and Paradise Lounge,info@saintvincentnola.com,https://saintvincentnola.com/dining/,original
Rendez-Vous Creole Haitian Restaurant,konbitgroup@gmail.com,https://rendezvouscreole.com/,original
The Backyard,gettogether@thebackyardnola.com,http://www.thebackyardnola.com/,original
Acamaya,hola@chamuconola.com,https://www.acamayanola.com/,original
Hungry Eyes,hungryeyesnola@gmail.com,https://www.hungryeyesnola.com/?utm_source=google&utm_medium=organic&utm_campaign=gbp-website-link,original
Birdy's Behind The Bower,info@birdysnola.com,http://www.birdysnola.com/,original
McDonald's,info@mcdonalds.com,https://www.mcdonalds.com/us/en-us/location/LA/NEW-ORLEANS/4240-LOUISA-ST/5462.html?cid=RF:YXT:GMB::Clicks,original
Lakeview Pearl Sushi Bar & Asian Bistro,lakeviewpearlnola@gmail.com,http://www.lakeviewpearlneworleans.com/,original
La Patrona,lapatronarestaurantnola@gmail.com,https://lapatronanola.com/,original
Vegan Snack Shack,thevegansnackshack@gmail.com,https://vegan-snack-shack.square.site/,original
J's Seafood Dock,julietdistefano@neworleans.com,https://www.neworleans.com/listing/js-seafood-dock/33720/,original
Williby's Catfish | Fresh Catfish Restaurant,willibyscatfish@gmail.com,http://www.willibyscatfish.com/,original
Iberville Cuisine,dine@ibervillecuisine.com,https://www.ibervillecuisine.com/home,original
El Paso Mexican Grill On Magazine Street,majino36@gmail.com,http://elpasomagazinenola.com/,original
Chemin à la Mer,cheminalamer.neworleans@fourseasons.com,https://www.cheminalamer.com/?utm_source=google&utm_medium=organicsearch&utm_campaign=tor-nln-fab-mid-seo-na&utm_content=na-na&utm_term=na,original
Chick-fil-A,dmca@chick-fil-a.com,https://www.chick-fil-a.com/locations/la/i-10-carrollton?utm_source=yext&utm_medium=link,original
Mr. Ed's PoBoy Shop & Drinks,pearlroomnola@gmail.com,https://mredsrestaurants.com/mr-eds-po-boy-shop,original
Fritai,info@indiantypefoundry.com,http://fritai.com/,original
Wing Snack Express,wingsnacke@yahoo.com,http://www.wingsnackexpress.com/,original
Applebee's Grill + Bar,comments@applemetro.com,https://restaurants.applebees.com/en-us/la/new-orleans/4005-general-degaulle-90077?utm_source=google&utm_medium=organic&utm_campaign=google_my_business&utm_term=90077&utm_content=website,original
Phoenix Bar,phoenixbarnola@gmail.com,http://phoenixbarnola.com/,original
Sprouts Organic Cafe,info@sproutsorganiccafe.com,http://www.sproutsorganiccafe.com/,original
New Orleans Coffee & Beignet Company,customerservice@allianzassistance.com,https://www.marriott.com/en-us/hotels/msydt-renaissance-new-orleans-arts-warehouse-district-hotel/dining/?scid=fooddeals-1,original
East of Italy,info@eastofitaly.com,https://www.eastofitaly.com/,original
Los Catrachos Restaurant,loscatrachosmetairie@hotmail.com,https://loscatrachos.devournow.com/,original
Bourrée,bourreenola@boucherie-nola.com,http://www.bourreenola.com/,original
Cafe Pontalba,info@neworleansrestaurants.com,http://www.neworleansrestaurants.com/cafe_pontalba/,original
Popeyes Louisiana Kitchen,cliff.starman@popeyes.com,https://www.popeyes.com/store-locator/store/restaurant_83379?utm_source=yext&utm_medium=referral&utm_campaign=organic-local-listings,original
Cajun Shack NOLA,cajunshacknola@gmail.com,http://www.cajunshacknola.com/,original
American Townhouse,matt@atnola.com,http://atnola.com/,original
Estrella Steak & Lobster,estrellasteak@gmail.com,https://estrellasteaknola.com/,original
Tipsy Trumpet,contactus@tipsytrumpet.com,https://tipsytrumpet.com/?utm_source=google,original
Phở Bằng Restaurant,johnsonha@live.com,http://phobangnola.com/,original
Oz New Orleans,oz@ozneworleans.com,http://www.ozneworleans.com/,original
The Kolache Kitchen - Freret St.,kolachekitchen.will@gmail.com,http://www.thekolachekitchen.com/,original
Miyako Seafood & Steakhouse,info@miyakonola.com,http://www.miyakonola.com/,original
"Flambo - Breakfast, Brunch and Bar",flambobar@gmail.com,http://flambobreakfastbrunchandbar.com/,original
Country Flame,info@countryflamerestaurant.com,http://www.countryflamerestaurant.com/,original
Showbird NOLA,hello@showbirdnola.com,https://showbirdnola.com/,original
Saint Manchu NOLA,phihung22101999@gmail.com,https://www.saintmanchunola.com/,original
Yawdi Jamaican Restaurant/ Food supplies,info@beyondmenu.com,https://www.yawdijamaicanrestaurantla.com/,original
34 Restaurant & Bar,custserv.34@emerillagasse.com,https://34restaurantandbar.com/,original
14 Parishes Jamaican Restaurant at Algiers Point,hello@14parishes.com,https://14parishes.com/,original
Church's Texas Chicken,socialmedia@churchs.com,https://locations.churchs.com/la/new-orleans/1600-s.-claiborne-avenue,original
Ginger Roux,rusty_figueredo@hilton.com,https://www.hilton.com/en/hotels/msypypy-canopy-new-orleans-downtown/dining/,original
The Vault NOLA,reservations@thevaultnola.com,https://thevaultnola.com/,original
Miss River,missriver.neworleans@fourseasons.com,https://www.missrivernola.com/?utm_source=google&utm_medium=organicsearch&utm_campaign=tor-nln-fab-mid-seo-na&utm_content=na-na&utm_term=na,original
Green Tea Restaurant,bl.mgmt1@gmail.com,https://greenteanola.com/,original
Hard Core BBQ,hardcorebbq@yahoo.com,https://m.facebook.com/HardCoreBBQnola/,original
Roly Poly Sandwiches,rolypolyhq@aol.com,http://rolypoly.com/,original
Twisted Waffles Nola,twistedwafflesllc@gmail.com,http://twistedwaffles.com/,original
Scrambled,scramblednola@gmail.com,https://www.scramblednola.com/,original
Bud's Broiler,info@budsbroiler.com,http://budsbroiler.com/,original
Waffle House,socialmedia@wafflehouse.com,https://locations.wafflehouse.com/neworleans-la-2072,original
Taco Bell,info@locations.tacobell.com,https://locations.tacobell.com/la/new-orleans/4603-chef-menteur-hwy.html?utm_source=yext&utm_campaign=googlelistings&utm_medium=referral&utm_term=026773&utm_content=website&y_source=1_NjE0MzQxOC03MTUtbG9jYXRpb24ud2Vic2l0ZQ%3D%3D,original
Willie Mae’s,press@williemaesla.com,https://williemaesrestaurant.com/,original
Green To Go,greentogonola@gmail.com,http://www.greentogonola.com/,original
PIZZA domenica,info@pizzadomenica.com,https://www.pizzadomenica.com/,original
Bijoux at Le Pavillon,patrickwilson@remingtonhotels.com,https://www.lepavillon.com/sip-savor,original
Peking House Restaurant,info@chinesemenuonline.com,https://www.pekinghousenola.com/,original
Commons Club New Orleans,info.neworleans@virginhotels.com,https://virginhotels.com/new-orleans/dine-and-drink/the-commons-club/,original
Devil Moon Barbecue,hello@devilmoonbbq.com,https://www.devilmoonbbq.com/,original
Public Service,social@publicservicenola.com,http://www.publicservicenola.com/,original
Ma Momma's House at The Pythian Market,info@mamommashouse.com,http://www.mamommashouse.com/,original
Café Normandie,info@higginshotelnola.com,https://www.higginshotelnola.com/new-orleans-restaurants/cafe-normandie,original
Clarinet Bistreaux,clarinetbistreaux@hi-neworleans.com,https://www.clarinetbistreaux.com/,original
Subway,tammie_hatch@yahoo.com,https://restaurants.subway.com/united-states/la/new-orleans/1415-tulane-ave?y_source=1_MjA3MTIxNzAtNzE1LWxvY2F0aW9uLndlYnNpdGU%3D,original
Rimon,info@rimontulanehillel.com,http://www.rimontulanehillel.com/,original
5Fifty5,dave.riceii@marriott.com,https://modules.marriott.com/restaurant/msyla-new-orleans-marriott/dining/service-vendors?scid=fooddeals-1&y_source=1_MTExNzA2MjEtNzE1LWxvY2F0aW9uLndlYnNpdGU=,original
Papa Johns Pizza,papajohnsajax@gmail.com,https://locations.papajohns.com/united-states/la/70125/new-orleans/3117-calhoun-st?utm_source=gmb&utm_medium=organic&y_source=1_MTA2OTE5MjAtNzE1LWxvY2F0aW9uLndlYnNpdGU%3D,original
Domino's Pizza,gareth.payne@dominos.com,https://www.dominos.com/en/?utm_source=google&utm_medium=loclist&utm_campaign=localmaps,original
Burger King,dflores@burgerking.com,https://burgerking.com/store-locator/store/restaurant_80914,original
McDonald's,mruggeri@mcdonalds.com,https://www.mcdonalds.com/us/en-us/location/LA/NEW-ORLEANS/3025-ELYSIAN-FIELDS-AVE/25384.html?cid=RF:YXT:GMB::Clicks,original
Frank's Restaurant,frankiegag@cox.net,http://www.franksnola.com/,original
Lucky Dogs,info@luckydogsinc.com,http://www.luckydogsinc.com/about,original
Pasta On The Fly,ryano1983@gmail.com,http://pastaonthefly.com/,original
Buffalo Wild Wings,hleiferman@buffalowildwings.com,https://www.buffalowildwings.com/locations/us/la/new-orleans/4150-general-degaulle-drive/sports-bar-931?utm_source=google%20my%20business&utm_medium=organic&utm_campaign=website%20link,original
Villa Fresh Italian Kitchen,wecare@villarestaurantgroup.com,https://locations.villaitaliankitchen.com/en-us/la/new-orleans/500-port-of-new-orleans-pl/,original
KFC,marketing@kbpfoods.com,https://locations.kfc.com/la/new-orleans/6009-bullard-ave,original
DP Dough,steve.fiala@dpdough.com,https://www.dpdough.com/,original
Chipotle Mexican Grill,la.3204.magazinegd@chipotle.com,https://locations.chipotle.com/la/new-orleans/2801-magazine-st?utm_source=google&utm_medium=yext&utm_campaign=yext_listings,original
Wingstop,karen@wingstop.com,https://www.wingstop.com/location/wingstop-1184-new-orleans-la-70119/menu?y_source=1_NTUyMDY4NzAtNzE1LWxvY2F0aW9uLndlYnNpdGU%3D,original
Taco Del Mar,aritchie@tacodelmar.com,https://tacodelmar.com/?olonwp=JjBtp_vMLk25gkYh_bnoiQ,original
Pizza Hut,rs035620@pizzahut.com,https://locations.pizzahut.com/la/new-orleans/301-n-carrollton-ave?utm_medium=organic&utm_source=local&utm_campaign=googlelistings&utm_content=website&utm_term=308804,original
Nina's Creole Cottage,lpritchett@caesars.com,https://www.caesars.com/caesars-new-orleans/restaurants/food-hall/ninas-creole-cottage?utm_campaign=gmb&utm_source=google&utm_medium=local&utm_term=NOR03&utm_content=restaurant&y_source=1_MTAxNjQ2MzM1Mi03MTUtbG9jYXRpb24ud2Vic2l0ZQ%3D%3D,original
Chinese Kitchen Club,info@chinesekitchenclub.com,https://chinesekitchenclub.com/,original
Pei Wei Asian Express,lisa.murray@peiwei.com,https://www.peiwei.com/louisiana/544-outlet-collection-at-riverwalk-mall/,original
Broadway Pizza,jkruizenga@broadwaypizza.com,https://www.broadwaypizza.com/,original
SP,bill@purefastpitch.com,http://places.singleplatform.com/saint-pita-8/menu,original
Cafe Opera,ables@fourpointsfrenchquarter.com,http://www.fourpointsfrenchquarter.com/french-quarter-restaurant,original
World Famous N'awlins Cafe & Spice Emporium,worldfamousnawlins@gmail.com,http://worldfamousnawlins.co/,original
Ramen Nola,hello@rfuenzalida.com,http://ramennola.com/,original
FAST STOP IRISH (RIDGEWAY),info@faststopla.com,http://www.faststopla.com/,original
SmokedOut BBQ,jennsbakeryco@gmail.com,https://shop.castiron.me/smoked-out-bbq,original
Shonda's kitchen,simonkingchineserestaurant@hotmail.com,https://www.order.store/store/shondas-kitchen/xlVovvZKVV-9RBL7BFecKg,original
Subway,privacyofficer@subway.com,https://www.subway.com/en-us,original
Shake Smart,catering@shakesmart.com,https://www.shakesmart.com/,original
Willie's Chicken Shack,accountmanager@akminvestments.net,http://willieschickenshack.com/,scraped_http://willieschickenshack.com/
Tacos & Beer,placejoys.com@gmail.com,https://tacosandbeer.shop/,scraped_https://tacosandbeer.shop/
Betsy's Pancake House,wherevi.com@gmail.com,https://betsyspancakehouse.shop/,scraped_https://betsyspancakehouse.shop/
Mr. Ed's Oyster Bar & Fish House Mid City,wecare@www.mredsmidcity.com,https://www.mredsmidcity.com/,scraped_https://www.mredsmidcity.com/
Ikura Hibachi And Sushi,ikurasushihibachi@gmail.com,https://ikurahibachisushi.com/,scraped_https://ikurahibachisushi.com/
Magasin Vietnamese Cafe,magasincafe@gmail.com,https://magasincafe.info/a-taste-of-vietnam,scraped_https://magasincafe.info/a-taste-of-vietnam
Union Ramen Bar,info@unionramen.com,http://www.unionramen.com/,scraped_https://www.unionramen.com/location
La Crepe Nanou,info@lacrepenanou.com,http://lacrepenanou.com/,scraped_http://lacrepenanou.com/
Restaurant and Bar at The Chloe,info@thechloenola.com,https://www.thechloenola.com/restaurant,scraped_https://www.thechloenola.com/contact-us
Medium Rare,mail@mediumrarerestaurant.com,http://mediumrarerestaurant.com/,scraped_http://mediumrarerestaurant.com/
Beggars Banquet,info@beggarsbanquetnola.com,http://beggarsbanquetneworleans.com/,scraped_http://beggarsbanquetneworleans.com/
The Bell,info@thebellnola.com,https://thebellnola.com/,scraped_https://thebellnola.com/
Caribbean Pot LA,info@caribbeanpotla.com,http://caribbeanpotla.com/,scraped_http://caribbeanpotla.com/
SWEGS Kitchen,info@swegskitchen.com,http://www.swegskitchen.com/,scraped_http://www.swegskitchen.com/
